<keymap version="1" name="Dani" parent="macOS System Shortcuts">
  <action id="$LRU">
    <keyboard-shortcut first-keystroke="shift meta o" />
  </action>
  <action id="ActivateTerminalToolWindow">
    <keyboard-shortcut first-keystroke="ctrl meta t" />
    <keyboard-shortcut first-keystroke="alt f12" />
    <keyboard-shortcut first-keystroke="shift escape" />
  </action>
  <action id="CollapseAll">
    <keyboard-shortcut first-keystroke="meta subtract" />
  </action>
  <action id="CollapseExpandableComponent">
    <keyboard-shortcut first-keystroke="shift enter" />
    <keyboard-shortcut first-keystroke="meta subtract" />
  </action>
  <action id="CollapseRegion" />
  <action id="Console.Open" />
  <action id="Editor LRU">
    <keyboard-shortcut first-keystroke="shift meta o" />
  </action>
  <action id="EditorDecreaseFontSize">
    <keyboard-shortcut first-keystroke="shift meta minus" />
    <keyboard-shortcut first-keystroke="meta minus" />
  </action>
  <action id="EditorIncreaseFontSize">
    <keyboard-shortcut first-keystroke="shift meta plus" />
    <keyboard-shortcut first-keystroke="meta equals" />
  </action>
  <action id="ExpandAll">
    <keyboard-shortcut first-keystroke="meta add" />
  </action>
  <action id="ExpandExpandableComponent">
    <keyboard-shortcut first-keystroke="shift enter" />
    <keyboard-shortcut first-keystroke="meta add" />
  </action>
  <action id="ExpandRegion" />
  <action id="ExternalSystem.CollapseAll">
    <keyboard-shortcut first-keystroke="meta subtract" />
  </action>
  <action id="ExternalSystem.ExpandAll">
    <keyboard-shortcut first-keystroke="meta add" />
  </action>
  <action id="Generate">
    <keyboard-shortcut first-keystroke="meta n" />
    <keyboard-shortcut first-keystroke="ctrl help" />
    <keyboard-shortcut first-keystroke="meta help" />
  </action>
  <action id="GotoClass" />
  <action id="GotoFile" />
  <action id="HideActiveWindow" />
  <action id="Images.Editor.ZoomIn">
    <keyboard-shortcut first-keystroke="meta add" />
  </action>
  <action id="Images.Editor.ZoomOut">
    <keyboard-shortcut first-keystroke="meta subtract" />
  </action>
  <action id="Maven.CollapseAll">
    <keyboard-shortcut first-keystroke="meta subtract" />
  </action>
  <action id="Maven.ExpandAll">
    <keyboard-shortcut first-keystroke="meta add" />
  </action>
  <action id="OpenFile">
    <keyboard-shortcut first-keystroke="meta o" />
  </action>
  <action id="Replace" />
  <action id="Run">
    <keyboard-shortcut first-keystroke="shift alt r" />
    <keyboard-shortcut first-keystroke="alt r" />
    <keyboard-shortcut first-keystroke="meta r" />
  </action>
  <action id="Scala.ShowImplicits">
    <keyboard-shortcut first-keystroke="shift ctrl alt equals" />
    <keyboard-shortcut first-keystroke="shift ctrl alt add" />
  </action>
  <action id="SurroundWith" />
  <action id="TerminalDecreaseFontSize">
    <keyboard-shortcut first-keystroke="shift meta minus" />
  </action>
  <action id="ToggleZenMode">
    <keyboard-shortcut first-keystroke="meta alt t" />
  </action>
  <action id="pdf.viewer.DecreaseScaleAction">
    <mouse-shortcut keystroke="meta button142" />
  </action>
  <action id="pdf.viewer.IncreaseScaleAction">
    <mouse-shortcut keystroke="meta button143" />
  </action>
</keymap>