<keymap version="1" name="macOS copy" parent="Mac OS X 10.5+">
  <action id="DatabaseView.PropertiesAction" />
  <action id="EditorToggleInsertState">
    <keyboard-shortcut first-keystroke="meta i" />
  </action>
  <action id="Generate">
    <keyboard-shortcut first-keystroke="meta n" />
    <keyboard-shortcut first-keystroke="ctrl enter" />
    <keyboard-shortcut first-keystroke="ctrl help" />
  </action>
  <action id="Scala.ShowImplicits">
    <keyboard-shortcut first-keystroke="shift ctrl alt equals" />
    <keyboard-shortcut first-keystroke="shift ctrl alt add" />
  </action>
</keymap>